id;title;image_url;jhi_desc;status
1;mobile Fish;Home Loan Account Table Computer;Trace;DISACTIVE
2;Tasty Metal Bacon;red Chips Soap;Home Loan Account;RESERVED
3;Namibia;Steel zero administration;Multi-channelled Licensed;INRENT
4;Canyon HDD;Table Small Frozen Sausages Planner;envisioneer Music Public-key;INRENT
5;Investment Account;Games Regional Digitized;copy convergence;DISACTIVE
6;Industrial;connect Markets Chief;capacitor archive;RESERVED
7;compress South Georgia and the South Sandwich Islands;compelling mission-critical;bifurcated scalable;RESERVED
8;deliverables reinvent 24 hour;overriding;monitor 1080p Checking Account;DISACTIVE
9;Highway Ergonomic;moratorium moratorium;New York tangible Mississippi;DISACTIVE
10;hard drive Robust Networked;Poland;Small partnerships;ACTIVE
